model,mse,rmse,mae,r2,count,macro_rmse,macro_mae,macro_r2,station_count,bias
seed42,10.297035774207423,3.2088994646463176,1.4869047653649763,0.7801398098222382,2404286,3.156316917030511,1.5749568208273401,0.6965940276365803,43,
seed7,10.322082434857807,3.2127997813212397,1.5139913408626864,0.7796050186750902,2404286,3.1792957876808488,1.6250132442741636,0.6800606274199283,43,
seed2026,11.0390326480808,3.3225039726207704,1.5429194964981783,0.7642968451692711,2404286,3.2429096135403244,1.6388273693239397,0.6868615883817647,43,
three_seed_ensemble,9.803440812541409,3.1310446838940846,1.4630092788679783,0.790678947902856,2404286,3.0771631298318245,1.557343803640129,0.7103883793668111,43,0.01571559860235361
