model,mse,rmse,mae,bias,r2,count,macro_rmse,macro_mae,macro_r2,station_count
seed42,11.367213172043266,3.371529796997687,1.5619298112170308,-0.13588027577595152,0.7578589711440659,2262272,3.1699361846178675,1.57444575490299,0.6753936691746487,42
seed7,11.398704831165961,3.3761967998275755,1.5759262627921682,0.051458382749287365,0.7571881450915463,2262272,3.125129325148742,1.577548820942832,0.6957644473014022,42
seed2026,11.762543604835686,3.429656484961094,1.6099000526475153,-0.24503062524726027,0.7494377586370419,2262272,3.167652281049224,1.6111167058226603,0.6723418452100681,42
three_seed_ensemble,10.758447697424632,3.280007270940818,1.525647055157149,-0.10981752701303761,0.7708267140786796,2262272,3.02756259843839,1.5235110235612905,0.7057186695050328,42
