source,mse,rmse,mae,bias,r2,count,macro_rmse,macro_mae,macro_r2,station_count,high_gpp_rmse,high_gpp_mae,high_gpp_bias,round3_test_data_read
round2_existing_original_tcn_three_seed_ensemble,10.758447697424632,3.280007270940818,1.525647055157149,-0.10981752701303761,0.7708267140786796,2262272,3.02756259843839,1.5235110235612905,0.7057186695050328,42,7.4548501601659725,5.639136078933339,-4.509849135635064,False
